professionista_id,nome,cognome,equipe_id
0b0b73aec575,Patrícia,Ribeiro Alves,0206636a6ea8
a2012331f099,Patrícia,Moreira Ribeiro,0206636a6ea8
383f95f356f9,Vanessa,Carvalho Silva,03ea90e1b0ae
5b8b9589e776,Márcia,Fernandes Santos,03ea90e1b0ae
8dccfbba9df0,Cristiane,Souza Lopes,0802baac661e
0e4384ca2d7e,Simone,Pereira Vieira,0802baac661e
74ef36f04d49,Wesley,Rocha Nunes,09f58fa44f6b
80ae385a2b63,Luciana,Alves Soares,09f58fa44f6b
fab8f0232aed,Elaine,Dias Santos,0b5b56a26bd9
d4eb19161190,Camila,Martins Silva,0b5b56a26bd9
eac89e64daa2,Rodrigo,Vieira Vieira,10ac7830f9d7
8c6838e2b2fe,Luciana,Vieira Rodrigues,10ac7830f9d7
ccd99a66177d,Simone,Silva Nunes,11ed514b1bfa
0f15573fa4f9,Lucas,Pereira Nunes,11ed514b1bfa
2c3101bdaade,Sandra,Vieira Ribeiro,13ac01a5da15
8cd1c91608f5,Rodrigo,Dias Rocha,13ac01a5da15
0d36e3c325a6,Carlos,Pereira Ferreira,175f0aa0767f
690ef415e9e9,Marcelo,Oliveira Lopes,175f0aa0767f
38b0efa9d5bf,Amanda,Souza Soares,2322bd580825
0d1fa522dba2,Amanda,Ferreira Carvalho,2322bd580825
6c48f4889de4,Rodrigo,Lopes Dias,243a016a2a94
e6ade52cc316,Francisca,Fernandes Alves,243a016a2a94
08609ccbd3a9,Aline,Alves Fernandes,28480e5ec33a
62e1ce6df9d2,Vanessa,Dias Almeida,28480e5ec33a
9dfb5d0c31ad,Antônia,Fernandes Soares,2ad66d654762
9ffb5ddc42e7,Cristiane,Lopes Barbosa,2ad66d654762
379c5dd86ac9,Thiago,Alves Gomes,2b88321215e2
743bd6415575,Camila,Soares Lopes,2b88321215e2
4faa9471f3ce,Débora,Rocha Almeida,2c9e95d94398
c8f43d7956be,Adriana,Carvalho Costa,2c9e95d94398
6c455a22c499,Carlos,Martins Silva,45a1f849f693
0794aa6c9395,Pedro,Souza Ferreira,45a1f849f693
fce3ea8afe61,Amanda,Dias Silva,4b2b034e21c1
deffcedfa0cb,Fernanda,Soares Soares,4b2b034e21c1
d29683aef746,Bruna,Carvalho Santos,4dce78dfffab
5b2aacb44b80,Luiz,Ribeiro Costa,4dce78dfffab
c7f6d8edb866,Adriana,Oliveira Dias,5156786de238
5f72f7bf1062,Camila,Souza Rocha,5156786de238
ab6eeada422a,Aline,Silva Moreira,54221d7b033e
90eadfa7c2e1,João,Alves Ribeiro,54221d7b033e
b54cfcaa6c0f,Simone,Fernandes Costa,54b5dc57439d
b662b228044e,Camila,Lima Soares,54b5dc57439d
0b441fefab5d,Débora,Silva Fernandes,590f8e0337dc
35711abb803a,Márcia,Nunes Ribeiro,590f8e0337dc
b8710cecd1a8,Rosângela,Ribeiro Pereira,61853042d02a
21ab344446e5,Camila,Almeida Ferreira,61853042d02a
4e7ac197e230,Luciana,Ribeiro Almeida,73aa56cf7683
090ae6f3a695,Vanessa,Ribeiro Almeida,73aa56cf7683
2c4c033031f9,Cláudia,Lopes Carvalho,7af21a109118
633e14ef17a5,Juliana,Martins Carvalho,7af21a109118
86d309b760b3,Marcos,Costa Alves,7b6acc32ae88
d7db351b4b5b,Sandra,Martins Ribeiro,7b6acc32ae88
3965f7697ba5,Rosângela,Lopes Moreira,7fd568fef683
362a2463c805,Adriana,Rodrigues Moreira,7fd568fef683
822fe1ea5ff6,Maria,Silva Vieira,80ed31ba9c81
40faad0b2ae8,Patrícia,Alves Rocha,80ed31ba9c81
c3d039ca2c79,Pedro,Gomes Rodrigues,830bdc106ed1
9d37081f1609,Fernanda,Silva Almeida,830bdc106ed1
008a62ad95b3,Débora,Pereira Soares,938e3af37a73
555a1621c169,Adriana,Silva Martins,938e3af37a73
bdef48a00559,Ana,Pereira Lopes,96cc1625da63
291f92791e34,Rosângela,Fernandes Dias,96cc1625da63
61f60cf4b6fd,Maria,Moreira Ribeiro,97dbc63025f4
86f4740d19c9,Bruna,Oliveira Gomes,97dbc63025f4
ea5f502a35de,Bruno,Martins Rodrigues,a49f0b8e0a46
234095af83d2,Aline,Costa Rodrigues,a49f0b8e0a46
8591dd35a475,Maria,Carvalho Ferreira,a74eb1eec193
8bcb4dd7f271,Francisco,Martins Santos,a74eb1eec193
4fa6beab46e3,Maria,Oliveira Rocha,b2ac3cfe104d
9bb261e5aa3f,José,Vieira Dias,b2ac3cfe104d
3adcb1b21a54,Leonardo,Soares Ribeiro,b3b53b34f77c
866e45eb8ff6,Wesley,Silva Santos,b3b53b34f77c
527a8fe3c817,Eduardo,Costa Soares,b5c99563564b
1739b427b928,Letícia,Silva Silva,b5c99563564b
4bd0ae2ff5ed,Adriana,Almeida Costa,c00d6beaab9f
3ff6cbba8c75,Cristiane,Silva Martins,c00d6beaab9f
5b4f56012d2c,Cláudia,Costa Rodrigues,cf4fc46a2cea
ebfb6b7c1a76,Elaine,Carvalho Fernandes,cf4fc46a2cea
094118619bf1,Camila,Pereira Pereira,d33bab5de5cf
2518307bd1b6,Antônia,Santos Rocha,d33bab5de5cf
0530eafa3f0e,Bruna,Moreira Ribeiro,d4651def08bf
f4d96a888e62,João,Almeida Rodrigues,d4651def08bf
9aa48ece5f68,Luciana,Rodrigues Ferreira,d79e1f571dfd
f4151c128422,Fernanda,Oliveira Ferreira,d79e1f571dfd
65c164c966de,Débora,Soares Martins,dabc3b32d3d2
8912f7854456,Marcelo,Pereira Vieira,dabc3b32d3d2
bc02b0544a10,Cristiane,Oliveira Dias,dbf66c7a6727
e21a48de2d72,Patrícia,Souza Soares,dbf66c7a6727
82dc6d2022d1,Rosângela,Santos Moreira,dc1a0c6361d4
539699d072ec,Rosângela,Rodrigues Vieira,dc1a0c6361d4
caade2869149,Sandra,Barbosa Rocha,dd8175c86518
ddfae32a1af8,Jéssica,Lima Barbosa,dd8175c86518
17489c34fe55,Vanessa,Moreira Barbosa,efc20930e3d6
41a619bf1922,Luiz,Souza Alves,efc20930e3d6
1932b4b4ce69,Letícia,Rodrigues Oliveira,f3633a09f801
bb91a1c7198e,Maria,Almeida Oliveira,f3633a09f801
6da6a391e459,Bruna,Lopes Silva,f6590df3e619
a91c7fc3cf57,Bruna,Almeida Gomes,f6590df3e619
